{
  "name": "aquafarm-dashboard",
  "version": "0.1.0",
  "private": true,
  "type": "module",
  "scripts": {
    "dev": "vite",
    "build": "vite build",
    "preview": "vite preview",
    "test": "vitest run"
  },
  "dependencies": {
    "react": "^18.2.0",
    "react-dom": "^18.2.0",
    "three": "^0.160.0"
  },
  "devDependencies": {
    "@types/react": "^18.2.0",
    "@types/react-dom": "^18.2.0",
    "@vitejs/plugin-react": "^4.2.0",
    "typescript": "^5.3.0",
    "vite": "^5.2.0",
    "vitest": "^1.4.0",
    "tailwindcss": "^3.4.4",
    "postcss": "^8.4.38",
    "autoprefixer": "^10.4.19",

    /* FIX: sobrescribimos la versión rota que trae Vite */
    "esbuild": "^0.21.4"
  }
}
