<?xml version="1.0" encoding="UTF-8"?>
<PROPERTIES version="2">
  <environmentloads>
    <load1 type="directional" waveamplitude="0.95" waveperiod="8.0" waveangle="180.0" wavetype="1" windtype="1" currentx="0.1" currenty="0.0" windx="-0.0" windy="0.0" group="0">
      <generator numofwaves="100" wavetype="0" seed="0" shortcrest="false" symmetri="false" random="false" radian="2.0" jonswappeek="1.0" x="0.0" y="0.0" />
      <windgenerator numberofwinds="100" spectrumtype="0" seed="0" windtype="0" isshortcrest="false" issymmetric="false" israndom="false" cosn="2.0" peek="1.0" x="0.0" y="0.0" />
    </load1>
    <load2 type="directional" waveamplitude="2.8499999999999996" waveperiod="8.0" waveangle="180.0" wavetype="1" windtype="1" currentx="-0.1" currenty="1.2246467991473533E-17" windx="-0.0" windy="0.0" group="0">
      <generator numofwaves="100" wavetype="0" seed="0" shortcrest="false" symmetri="false" random="false" radian="2.0" jonswappeek="1.0" x="0.0" y="0.0" />
      <windgenerator numberofwinds="100" spectrumtype="0" seed="0" windtype="0" isshortcrest="false" issymmetric="false" israndom="false" cosn="2.0" peek="1.0" x="0.0" y="0.0" />
    </load2>
    <load3 type="directional" waveamplitude="4.75" waveperiod="8.0" waveangle="180.0" wavetype="1" windtype="1" currentx="-0.1" currenty="1.2246467991473533E-17" windx="-0.0" windy="0.0" group="0">
      <generator numofwaves="100" wavetype="0" seed="0" shortcrest="false" symmetri="false" random="false" radian="2.0" jonswappeek="1.0" x="0.0" y="0.0" />
      <windgenerator numberofwinds="100" spectrumtype="0" seed="0" windtype="0" isshortcrest="false" issymmetric="false" israndom="false" cosn="2.0" peek="1.0" x="0.0" y="0.0" />
    </load3>
    <load4 type="directional" waveamplitude="0.95" waveperiod="12.0" waveangle="180.0" wavetype="1" windtype="1" currentx="-0.1" currenty="1.2246467991473533E-17" windx="-0.0" windy="0.0" group="0">
      <generator numofwaves="100" wavetype="0" seed="0" shortcrest="false" symmetri="false" random="false" radian="2.0" jonswappeek="1.0" x="0.0" y="0.0" />
      <windgenerator numberofwinds="100" spectrumtype="0" seed="0" windtype="0" isshortcrest="false" issymmetric="false" israndom="false" cosn="2.0" peek="1.0" x="0.0" y="0.0" />
    </load4>
    <load5 type="directional" waveamplitude="2.8499999999999996" waveperiod="12.0" waveangle="180.0" wavetype="1" windtype="1" currentx="-0.1" currenty="1.2246467991473533E-17" windx="-0.0" windy="0.0" group="0">
      <generator numofwaves="100" wavetype="0" seed="0" shortcrest="false" symmetri="false" random="false" radian="2.0" jonswappeek="1.0" x="0.0" y="0.0" />
      <windgenerator numberofwinds="100" spectrumtype="0" seed="0" windtype="0" isshortcrest="false" issymmetric="false" israndom="false" cosn="2.0" peek="1.0" x="0.0" y="0.0" />
    </load5>
    <load6 type="directional" waveamplitude="4.75" waveperiod="12.0" waveangle="180.0" wavetype="1" windtype="1" currentx="-0.1" currenty="1.2246467991473533E-17" windx="-0.0" windy="0.0" group="0">
      <generator numofwaves="100" wavetype="0" seed="0" shortcrest="false" symmetri="false" random="false" radian="2.0" jonswappeek="1.0" x="0.0" y="0.0" />
      <windgenerator numberofwinds="100" spectrumtype="0" seed="0" windtype="0" isshortcrest="false" issymmetric="false" israndom="false" cosn="2.0" peek="1.0" x="0.0" y="0.0" />
    </load6>
    <load7 type="directional" waveamplitude="0.95" waveperiod="16.0" waveangle="180.0" wavetype="1" windtype="1" currentx="-0.1" currenty="1.2246467991473533E-17" windx="-0.0" windy="0.0" group="0">
      <generator numofwaves="100" wavetype="0" seed="0" shortcrest="false" symmetri="false" random="false" radian="2.0" jonswappeek="1.0" x="0.0" y="0.0" />
      <windgenerator numberofwinds="100" spectrumtype="0" seed="0" windtype="0" isshortcrest="false" issymmetric="false" israndom="false" cosn="2.0" peek="1.0" x="0.0" y="0.0" />
    </load7>
    <load8 type="directional" waveamplitude="2.8499999999999996" waveperiod="16.0" waveangle="180.0" wavetype="1" windtype="1" currentx="-0.1" currenty="1.2246467991473533E-17" windx="-0.0" windy="0.0" group="0">
      <generator numofwaves="100" wavetype="0" seed="0" shortcrest="false" symmetri="false" random="false" radian="2.0" jonswappeek="1.0" x="0.0" y="0.0" />
      <windgenerator numberofwinds="100" spectrumtype="0" seed="0" windtype="0" isshortcrest="false" issymmetric="false" israndom="false" cosn="2.0" peek="1.0" x="0.0" y="0.0" />
    </load8>
    <load9 type="directional" waveamplitude="4.75" waveperiod="16.0" waveangle="180.0" wavetype="1" windtype="1" currentx="-0.1" currenty="1.2246467991473533E-17" windx="-0.0" windy="0.0" group="0">
      <generator numofwaves="100" wavetype="0" seed="0" shortcrest="false" symmetri="false" random="false" radian="2.0" jonswappeek="1.0" x="0.0" y="0.0" />
      <windgenerator numberofwinds="100" spectrumtype="0" seed="0" windtype="0" isshortcrest="false" issymmetric="false" israndom="false" cosn="2.0" peek="1.0" x="0.0" y="0.0" />
    </load9>
    <load10 type="directional" waveamplitude="5.699999999999999" waveperiod="8.0" waveangle="180.0" wavetype="1" windtype="1" currentx="-0.01" currenty="1.2246467991473532E-18" windx="-0.0" windy="0.0" group="0">
      <generator numofwaves="100" wavetype="0" seed="0" shortcrest="false" symmetri="false" random="false" radian="2.0" jonswappeek="1.0" x="0.0" y="0.0" />
      <windgenerator numberofwinds="100" spectrumtype="0" seed="0" windtype="0" isshortcrest="false" issymmetric="false" israndom="false" cosn="2.0" peek="1.0" x="0.0" y="0.0" />
    </load10>
  </environmentloads>
  <SHAPES>
    <shape name="Buoys" node="383" type="NODE" file="apb.obj">
      <rotation x="0.0" y="0.0" z="0.0" w="1.0" />
      <color x="1.0" y="0.0" z="0.0" />
    </shape>
    <shape name="Buoys" node="380" type="NODE" file="apb.obj">
      <rotation x="0.0" y="0.0" z="0.0" w="1.0" />
      <color x="1.0" y="0.0" z="0.0" />
    </shape>
    <shape name="Point loads" node="9" type="NODE" file="pointload.obj">
      <rotation x="0.0" y="1.0" z="0.0" w="6.123234E-17" />
      <color x="1.0" y="0.0" z="0.0" />
    </shape>
    <shape name="Boundary" node="1" type="NODE" file="sphere.obj">
      <color x="0.0" y="0.0" z="0.0" />
    </shape>
    <shape name="Boundary" node="2" type="NODE" file="sphere.obj">
      <color x="0.0" y="0.0" z="0.0" />
    </shape>
    <shape name="Boundary" node="3" type="NODE" file="sphere.obj">
      <color x="0.0" y="0.0" z="0.0" />
    </shape>
    <shape name="Boundary" node="4" type="NODE" file="sphere.obj">
      <color x="0.0" y="0.0" z="0.0" />
    </shape>
    <shape name="Buoys" node="378" type="NODE" file="apb.obj">
      <rotation x="0.0" y="0.0" z="0.0" w="1.0" />
      <color x="1.0" y="0.0" z="0.0" />
    </shape>
    <shape name="Buoys" node="385" type="NODE" file="apb.obj">
      <rotation x="0.0" y="0.0" z="0.0" w="1.0" />
      <color x="1.0" y="0.0" z="0.0" />
    </shape>
  </SHAPES>
  <components>
    <beam id="1" number="101" name="Tuberia superior EXTERIOR 500 mm PN20" visible="true" stressVisible="true">
      <color x="0.27554893" y="0.9946105" z="0.82607085" />
      <crossection id="1" offsetX="0" offsetY="0">
        <point x="0.0" y="0.25" />
        <point x="0.125" y="0.2165" />
        <point x="0.2165" y="0.125" />
        <point x="0.25" y="0.0" />
        <point x="0.2165" y="-0.125" />
        <point x="0.125" y="-0.2165" />
        <point x="0.0" y="-0.25" />
        <point x="-0.125" y="-0.2165" />
        <point x="-0.2165" y="-0.125" />
        <point x="-0.25" y="0.0" />
        <point x="-0.2165" y="0.125" />
        <point x="-0.125" y="0.2165" />
      </crossection>
      <wizard type="circular" gModulus="3.84E8" eModulus="1.0E9" massDensity="958.0" thickness="55.80000296856016" outerDiameter="500.0" filltype="0" sdrlocked="true" />
    </beam>
    <beam id="2" number="102" name="Tuberia superior INTERIOR 500mm PN20" visible="true" stressVisible="true">
      <color x="0.0" y="1.0" z="0.8" />
      <crossection id="1" offsetX="0" offsetY="0">
        <point x="0.0" y="0.25" />
        <point x="0.125" y="0.2165" />
        <point x="0.2165" y="0.125" />
        <point x="0.25" y="0.0" />
        <point x="0.2165" y="-0.125" />
        <point x="0.125" y="-0.2165" />
        <point x="0.0" y="-0.25" />
        <point x="-0.125" y="-0.2165" />
        <point x="-0.2165" y="-0.125" />
        <point x="-0.25" y="0.0" />
        <point x="-0.2165" y="0.125" />
        <point x="-0.125" y="0.2165" />
      </crossection>
      <wizard type="circular" gModulus="3.84E8" eModulus="1.0E9" massDensity="958.0" thickness="55.80000296856016" outerDiameter="500.0" filltype="0" sdrlocked="false" />
    </beam>
    <beam id="3" number="103" name="Pasamanos 110 mm PN20" visible="true" stressVisible="true">
      <color x="0.0" y="1.0" z="0.8" />
      <crossection id="1" offsetX="0" offsetY="0">
        <point x="0.0" y="0.055" />
        <point x="0.0275" y="0.0476" />
        <point x="0.0476" y="0.0275" />
        <point x="0.055" y="0.0" />
        <point x="0.0476" y="-0.0275" />
        <point x="0.0275" y="-0.0476" />
        <point x="0.0" y="-0.055" />
        <point x="-0.0275" y="-0.0476" />
        <point x="-0.0476" y="-0.0275" />
        <point x="-0.055" y="0.0" />
        <point x="-0.0476" y="0.0275" />
        <point x="-0.0275" y="0.0476" />
      </crossection>
      <wizard type="circular" gModulus="3.84E8" eModulus="1.0E9" massDensity="958.0" thickness="12.3" outerDiameter="110.0" filltype="0" sdrlocked="false" />
    </beam>
    <beam id="4" number="104" name="Top bracket horizontal (central)" visible="true" stressVisible="true">
      <color x="1.0" y="0.0" z="0.2" />
      <crossection id="1" offsetX="0" offsetY="0">
        <point x="0.15" y="0.15" />
        <point x="0.15" y="-0.15" />
        <point x="-0.15" y="-0.15" />
        <point x="-0.15" y="0.15" />
      </crossection>
      <wizard type="rectangular" thickness="16.0" width="300.0" height="300.0" massDensity="7850.0" eModulus="2.1E11" gModulus="8.08E10" filltype="0" />
    </beam>
    <beam id="5" number="105" name="Top bracket vertical (inferior)" visible="true" stressVisible="true">
      <color x="1.0" y="0.2" z="0.0" />
      <crossection id="1" offsetX="0" offsetY="0">
        <point x="0.075" y="0.075" />
        <point x="0.075" y="-0.075" />
        <point x="-0.075" y="-0.075" />
        <point x="-0.075" y="0.075" />
      </crossection>
      <wizard type="rectangular" thickness="12.0" width="150.0" height="150.0" massDensity="7850.0" eModulus="2.1E11" gModulus="8.08E10" filltype="0" />
    </beam>
    <beam id="6" number="106" name="Top bracket vertical (superior)" visible="true" stressVisible="true">
      <color x="1.0" y="0.2" z="0.0" />
      <crossection id="1" offsetX="0" offsetY="0">
        <point x="0.0425" y="0.0425" />
        <point x="0.0425" y="-0.0425" />
        <point x="-0.0425" y="-0.0425" />
        <point x="-0.0425" y="0.0425" />
      </crossection>
      <wizard type="rectangular" thickness="12.0" width="85.0" height="85.0" massDensity="7850.0" eModulus="2.1E11" gModulus="8.08E10" filltype="0" />
    </beam>
    <beam id="7" number="107" name="Bottom bracket 400 mm" visible="true" stressVisible="true">
      <color x="0.0" y="1.0" z="0.8" />
      <crossection id="1" offsetX="0" offsetY="0">
        <point x="0.12" y="0.12" />
        <point x="0.12" y="-0.12" />
        <point x="-0.12" y="-0.12" />
        <point x="-0.12" y="0.12" />
      </crossection>
      <wizard type="rectangular" thickness="15.0" width="240.0" height="240.0" massDensity="7850.0" eModulus="2.1E11" gModulus="8.08E10" filltype="0" />
    </beam>
    <beam id="8" number="108" name="fenix" visible="true" stressVisible="true">
      <color x="0.223212" y="0.6456671" z="0.252357" />
      <crossection id="1" offsetX="0" offsetY="0">
        <point x="0.0" y="0.65" />
        <point x="0.325" y="0.5629" />
        <point x="0.5629" y="0.325" />
        <point x="0.65" y="0.0" />
        <point x="0.5629" y="-0.325" />
        <point x="0.325" y="-0.5629" />
        <point x="0.0" y="-0.65" />
        <point x="-0.325" y="-0.5629" />
        <point x="-0.5629" y="-0.325" />
        <point x="-0.65" y="0.0" />
        <point x="-0.5629" y="0.325" />
        <point x="-0.325" y="0.5629" />
      </crossection>
      <wizard type="circular" gModulus="8.08E10" eModulus="2.1E11" massDensity="7850.0" thickness="12.0" outerDiameter="1300.0" filltype="1" sdrlocked="false" />
    </beam>
    <beam id="9" number="109" name="tuberia inferior 400 mm parte 1" visible="true" stressVisible="true">
      <color x="0.9230428" y="0.22068769" z="0.93352664" />
      <crossection id="1" offsetX="0" offsetY="0">
        <point x="0.0" y="0.2" />
        <point x="0.1" y="0.1732" />
        <point x="0.1732" y="0.1" />
        <point x="0.2" y="0.0" />
        <point x="0.1732" y="-0.1" />
        <point x="0.1" y="-0.1732" />
        <point x="0.0" y="-0.2" />
        <point x="-0.1" y="-0.1732" />
        <point x="-0.1732" y="-0.1" />
        <point x="-0.2" y="0.0" />
        <point x="-0.1732" y="0.1" />
        <point x="-0.1" y="0.1732" />
      </crossection>
      <wizard type="circular" gModulus="3.84E8" eModulus="1.0E9" massDensity="958.0" thickness="44.7" outerDiameter="400.0" filltype="0" sdrlocked="false" />
    </beam>
    <beam id="10" number="110" name="tuberia inferior 400 mm parte 2" visible="true" stressVisible="true">
      <color x="0.68306077" y="0.55641127" z="0.9193446" />
      <crossection id="1" offsetX="0" offsetY="0">
        <point x="0.0" y="0.2" />
        <point x="0.1" y="0.1732" />
        <point x="0.1732" y="0.1" />
        <point x="0.2" y="0.0" />
        <point x="0.1732" y="-0.1" />
        <point x="0.1" y="-0.1732" />
        <point x="0.0" y="-0.2" />
        <point x="-0.1" y="-0.1732" />
        <point x="-0.1732" y="-0.1" />
        <point x="-0.2" y="0.0" />
        <point x="-0.1732" y="0.1" />
        <point x="-0.1" y="0.1732" />
      </crossection>
      <wizard type="circular" gModulus="3.84E8" eModulus="1.0E9" massDensity="958.0" thickness="44.7" outerDiameter="400.0" filltype="1" sdrlocked="false" />
    </beam>
    <beam id="11" number="111" name="tuberia inferior 400 mm parte 3" visible="true" stressVisible="true">
      <color x="0.7195715" y="0.86769515" z="0.12378669" />
      <crossection id="1" offsetX="0" offsetY="0">
        <point x="0.0" y="0.2" />
        <point x="0.1" y="0.1732" />
        <point x="0.1732" y="0.1" />
        <point x="0.2" y="0.0" />
        <point x="0.1732" y="-0.1" />
        <point x="0.1" y="-0.1732" />
        <point x="0.0" y="-0.2" />
        <point x="-0.1" y="-0.1732" />
        <point x="-0.1732" y="-0.1" />
        <point x="-0.2" y="0.0" />
        <point x="-0.1732" y="0.1" />
        <point x="-0.1" y="0.1732" />
      </crossection>
      <wizard type="circular" gModulus="3.84E8" eModulus="1.0E9" massDensity="958.0" thickness="44.7" outerDiameter="400.0" filltype="1" sdrlocked="false" />
    </beam>
    <beam id="12" number="112" name="tuberia inferior 400 mm parte 4" visible="true" stressVisible="true">
      <color x="0.09060913" y="0.7396386" z="0.5263404" />
      <crossection id="1" offsetX="0" offsetY="0">
        <point x="0.0" y="0.2" />
        <point x="0.1" y="0.1732" />
        <point x="0.1732" y="0.1" />
        <point x="0.2" y="0.0" />
        <point x="0.1732" y="-0.1" />
        <point x="0.1" y="-0.1732" />
        <point x="0.0" y="-0.2" />
        <point x="-0.1" y="-0.1732" />
        <point x="-0.1732" y="-0.1" />
        <point x="-0.2" y="0.0" />
        <point x="-0.1732" y="0.1" />
        <point x="-0.1" y="0.1732" />
      </crossection>
      <wizard type="circular" gModulus="3.84E8" eModulus="1.0E9" massDensity="958.0" thickness="44.7" outerDiameter="400.0" filltype="0" sdrlocked="false" />
    </beam>
    <beam id="13" number="113" name="tuberia inferior 400 mm parte 5" visible="true" stressVisible="true">
      <color x="0.77644956" y="0.8348056" z="0.002606988" />
      <crossection id="1" offsetX="0" offsetY="0">
        <point x="0.0" y="0.2" />
        <point x="0.1" y="0.1732" />
        <point x="0.1732" y="0.1" />
        <point x="0.2" y="0.0" />
        <point x="0.1732" y="-0.1" />
        <point x="0.1" y="-0.1732" />
        <point x="0.0" y="-0.2" />
        <point x="-0.1" y="-0.1732" />
        <point x="-0.1732" y="-0.1" />
        <point x="-0.2" y="0.0" />
        <point x="-0.1732" y="0.1" />
        <point x="-0.1" y="0.1732" />
      </crossection>
      <wizard type="circular" gModulus="3.84E8" eModulus="1.0E9" massDensity="958.0" thickness="44.7" outerDiameter="400.0" filltype="1" sdrlocked="false" />
    </beam>
    <beam id="14" number="114" name="tuberia inferior 400 mm parte 6" visible="true" stressVisible="true">
      <color x="0.339491" y="0.101644814" z="0.16950297" />
      <crossection id="1" offsetX="0" offsetY="0">
        <point x="0.0" y="0.2" />
        <point x="0.1" y="0.1732" />
        <point x="0.1732" y="0.1" />
        <point x="0.2" y="0.0" />
        <point x="0.1732" y="-0.1" />
        <point x="0.1" y="-0.1732" />
        <point x="0.0" y="-0.2" />
        <point x="-0.1" y="-0.1732" />
        <point x="-0.1732" y="-0.1" />
        <point x="-0.2" y="0.0" />
        <point x="-0.1732" y="0.1" />
        <point x="-0.1" y="0.1732" />
      </crossection>
      <wizard type="circular" gModulus="3.84E8" eModulus="1.0E9" massDensity="958.0" thickness="44.69999930715001" outerDiameter="400.0" filltype="0" sdrlocked="false" />
    </beam>
    <beam id="15" number="115" name="tuberia inferior 400 mm parte 7" visible="true" stressVisible="true">
      <color x="0.0" y="1.0" z="0.8" />
      <crossection id="1" offsetX="0" offsetY="0">
        <point x="0.0" y="0.2" />
        <point x="0.1" y="0.1732" />
        <point x="0.1732" y="0.1" />
        <point x="0.2" y="0.0" />
        <point x="0.1732" y="-0.1" />
        <point x="0.1" y="-0.1732" />
        <point x="0.0" y="-0.2" />
        <point x="-0.1" y="-0.1732" />
        <point x="-0.1732" y="-0.1" />
        <point x="-0.2" y="0.0" />
        <point x="-0.1732" y="0.1" />
        <point x="-0.1" y="0.1732" />
      </crossection>
      <wizard type="circular" gModulus="3.84E8" eModulus="1.0E9" massDensity="958.0" thickness="44.7" outerDiameter="400.0" filltype="1" sdrlocked="false" />
    </beam>
    <beam id="16" number="116" name="tuberia inferior 400 mm parte 8" visible="true" stressVisible="true">
      <color x="0.78359455" y="0.2198695" z="0.39657426" />
      <crossection id="1" offsetX="0" offsetY="0">
        <point x="0.0" y="0.2" />
        <point x="0.1" y="0.1732" />
        <point x="0.1732" y="0.1" />
        <point x="0.2" y="0.0" />
        <point x="0.1732" y="-0.1" />
        <point x="0.1" y="-0.1732" />
        <point x="0.0" y="-0.2" />
        <point x="-0.1" y="-0.1732" />
        <point x="-0.1732" y="-0.1" />
        <point x="-0.2" y="0.0" />
        <point x="-0.1732" y="0.1" />
        <point x="-0.1" y="0.1732" />
      </crossection>
      <wizard type="circular" gModulus="3.84E8" eModulus="1.0E9" massDensity="958.0" thickness="44.7" outerDiameter="400.0" filltype="0" sdrlocked="false" />
    </beam>
    <beam id="17" number="117" name="tuberia inferior 400 mm parte 9" visible="true" stressVisible="true">
      <color x="0.7544876" y="0.704995" z="0.8705304" />
      <crossection id="1" offsetX="0" offsetY="0">
        <point x="0.0" y="0.2" />
        <point x="0.1" y="0.1732" />
        <point x="0.1732" y="0.1" />
        <point x="0.2" y="0.0" />
        <point x="0.1732" y="-0.1" />
        <point x="0.1" y="-0.1732" />
        <point x="0.0" y="-0.2" />
        <point x="-0.1" y="-0.1732" />
        <point x="-0.1732" y="-0.1" />
        <point x="-0.2" y="0.0" />
        <point x="-0.1732" y="0.1" />
        <point x="-0.1" y="0.1732" />
      </crossection>
      <wizard type="circular" gModulus="3.84E8" eModulus="1.0E9" massDensity="958.0" thickness="44.7" outerDiameter="400.0" filltype="1" sdrlocked="false" />
    </beam>
    <beam id="18" number="118" name="tuberia inferior 400 mm parte 10" visible="true" stressVisible="true">
      <color x="0.28505272" y="0.61144906" z="0.75664586" />
      <crossection id="1" offsetX="0" offsetY="0">
        <point x="0.0" y="0.2" />
        <point x="0.1" y="0.1732" />
        <point x="0.1732" y="0.1" />
        <point x="0.2" y="0.0" />
        <point x="0.1732" y="-0.1" />
        <point x="0.1" y="-0.1732" />
        <point x="0.0" y="-0.2" />
        <point x="-0.1" y="-0.1732" />
        <point x="-0.1732" y="-0.1" />
        <point x="-0.2" y="0.0" />
        <point x="-0.1732" y="0.1" />
        <point x="-0.1" y="0.1732" />
      </crossection>
      <wizard type="circular" gModulus="3.84E8" eModulus="1.0E9" massDensity="958.0" thickness="44.69999930715001" outerDiameter="400.0" filltype="1" sdrlocked="false" />
    </beam>
    <beam id="19" number="119" name="Top netpie140 mm " visible="true" stressVisible="true">
      <color x="0.0" y="1.0" z="0.8" />
      <crossection id="1" offsetX="0" offsetY="0">
        <point x="0.0" y="0.07" />
        <point x="0.035" y="0.0606" />
        <point x="0.0606" y="0.035" />
        <point x="0.07" y="0.0" />
        <point x="0.0606" y="-0.035" />
        <point x="0.035" y="-0.0606" />
        <point x="0.0" y="-0.07" />
        <point x="-0.035" y="-0.0606" />
        <point x="-0.0606" y="-0.035" />
        <point x="-0.07" y="0.0" />
        <point x="-0.0606" y="0.035" />
        <point x="-0.035" y="0.0606" />
      </crossection>
      <wizard type="circular" gModulus="3.84E8" eModulus="1.0E9" massDensity="958.0" thickness="14.7" outerDiameter="140.0" filltype="0" sdrlocked="false" />
    </beam>
    <beam id="20" number="120" name="bottom netpipe" visible="true" stressVisible="true">
      <color x="0.0" y="1.0" z="0.8" />
      <crossection id="1" offsetX="0" offsetY="0">
        <point x="0.0" y="0.07" />
        <point x="0.035" y="0.0606" />
        <point x="0.0606" y="0.035" />
        <point x="0.07" y="0.0" />
        <point x="0.0606" y="-0.035" />
        <point x="0.035" y="-0.0606" />
        <point x="0.0" y="-0.07" />
        <point x="-0.035" y="-0.0606" />
        <point x="-0.0606" y="-0.035" />
        <point x="-0.07" y="0.0" />
        <point x="-0.0606" y="0.035" />
        <point x="-0.035" y="0.0606" />
      </crossection>
      <wizard type="circular" gModulus="3.84E8" eModulus="1.0E9" massDensity="958.0" thickness="14.7" outerDiameter="140.0" filltype="0" sdrlocked="false" />
    </beam>
    <membrane id="21" number="221" name="Net" visible="true" stressVisible="true" explicit="true" densenet="false" membranetype="1" membraneloadtype="1">
      <color x="0.339491" y="0.101644814" z="0.16950297" />
    </membrane>
    <membrane id="22" number="222" name="Net side" visible="true" stressVisible="true" explicit="true" densenet="false" membranetype="1" membraneloadtype="1">
      <color x="0.95615155" y="0.35412645" z="0.049533725" />
    </membrane>
    <truss id="23" number="323" name="Reticulado" visible="true" stressVisible="true">
      <color x="0.0" y="0.0" z="0.0" />
      <material breakingload="0.0" materialcoeff="3.0" />
    </truss>
    <truss id="24" number="324" name="Sistema fondeo" visible="true" stressVisible="true">
      <color x="0.0" y="0.0" z="0.0" />
      <material breakingload="0.0" materialcoeff="3.0" />
    </truss>
    <truss id="25" number="325" name="Patasgallo" visible="true" stressVisible="true">
      <color x="0.8" y="0.0" z="0.8" />
      <material breakingload="0.0" materialcoeff="3.0" />
    </truss>
    <truss id="26" number="326" name="tensores" visible="true" stressVisible="true">
      <color x="0.98607856" y="0.8918416" z="0.02717191" />
      <material breakingload="0.0" materialcoeff="3.0" />
    </truss>
  </components>
  <tags>
    <node id="136" tagname="0" />
    <node id="137" tagname="0" />
    <node id="139" tagname="0" />
    <node id="140" tagname="null" />
    <node id="141" tagname="0" />
    <node id="142" tagname="0" />
    <node id="143" tagname="0" />
    <node id="145" tagname="null" />
    <node id="146" tagname="null" />
    <node id="147" tagname="null" />
    <node id="148" tagname="0" />
    <node id="150" tagname="0" />
    <node id="151" tagname="null" />
    <node id="152" tagname="0" />
    <node id="153" tagname="null" />
    <node id="154" tagname="0" />
    <node id="155" tagname="0" />
    <node id="156" tagname="null" />
    <node id="157" tagname="0" />
    <node id="158" tagname="0" />
    <node id="159" tagname="0" />
    <node id="160" tagname="0" />
    <node id="161" tagname="0" />
    <node id="162" tagname="0" />
    <node id="163" tagname="0" />
    <node id="164" tagname="null" />
    <node id="165" tagname="0" />
    <node id="166" tagname="0" />
    <node id="167" tagname="0" />
    <node id="168" tagname="0" />
    <node id="169" tagname="null" />
    <node id="170" tagname="0" />
    <node id="171" tagname="0" />
    <node id="172" tagname="null" />
    <node id="173" tagname="0" />
    <node id="174" tagname="null" />
    <node id="175" tagname="0" />
    <node id="176" tagname="0" />
    <node id="177" tagname="0" />
    <node id="179" tagname="0" />
    <node id="180" tagname="null" />
    <node id="181" tagname="null" />
    <node id="182" tagname="0" />
    <node id="183" tagname="null" />
    <node id="184" tagname="0" />
    <node id="185" tagname="0" />
    <node id="187" tagname="0" />
    <node id="188" tagname="0" />
    <node id="189" tagname="0" />
    <node id="190" tagname="null" />
    <node id="191" tagname="0" />
    <node id="192" tagname="null" />
    <node id="193" tagname="0" />
    <node id="194" tagname="0" />
    <node id="195" tagname="0" />
  </tags>
</PROPERTIES>
